{"cameraMode":{"drawMode":0,"name":"Shaded","section":"Shading Mode"},"sceneLighting":false,"audioPlay":false,"sceneViewState":{"m_AlwaysRefresh":false,"showFog":true,"showSkybox":false,"showFlares":true,"showImageEffects":true,"showParticleSystems":true,"showVisualEffectGraphs":true,"m_FxEnabled":true},"in2DMode":false,"pivot":{"x":0.27547764778137209,"y":0.4011901617050171,"z":-3.7389070987701418},"rotation":{"x":0.4939328134059906,"y":0.22055953741073609,"z":-0.1311323493719101,"w":0.830775797367096},"size":0.7858752608299255,"orthographic":false}