{"cameraMode":{"drawMode":0,"name":"Shaded","section":"Shading Mode"},"sceneLighting":false,"audioPlay":false,"sceneViewState":{"m_AlwaysRefresh":false,"showFog":true,"showSkybox":false,"showFlares":true,"showImageEffects":true,"showParticleSystems":true,"showVisualEffectGraphs":true,"m_FxEnabled":true},"in2DMode":false,"pivot":{"x":-2.2465155124664308,"y":36.42363357543945,"z":1.6227071285247803},"rotation":{"x":0.35468393564224245,"y":0.18747290968894959,"z":-0.07282157987356186,"w":0.9131009578704834},"size":0.7921547293663025,"orthographic":false}