{"cameraMode":{"drawMode":0,"name":"Shaded","section":"Shading Mode"},"sceneLighting":false,"audioPlay":false,"sceneViewState":{"m_AlwaysRefresh":false,"showFog":true,"showSkybox":false,"showFlares":true,"showImageEffects":true,"showParticleSystems":true,"showVisualEffectGraphs":true,"m_FxEnabled":true},"in2DMode":false,"pivot":{"x":75.32425689697266,"y":30.052000045776368,"z":-109.8502197265625},"rotation":{"x":0.4815228283405304,"y":-0.11246004700660706,"z":0.062463656067848209,"w":0.8669421076774597},"size":0.47427642345428469,"orthographic":false}