{"cameraMode":{"drawMode":0,"name":"Shaded","section":"Shading Mode"},"sceneLighting":true,"audioPlay":false,"sceneViewState":{"m_AlwaysRefresh":false,"showFog":true,"showSkybox":true,"showFlares":true,"showImageEffects":true,"showParticleSystems":true,"showVisualEffectGraphs":true,"m_FxEnabled":true},"in2DMode":false,"pivot":{"x":9.349177360534668,"y":0.3368740677833557,"z":0.07117319107055664},"rotation":{"x":0.0792587623000145,"y":-0.06275949627161026,"z":0.004999919328838587,"w":0.9948642253875732},"size":5.028412818908691,"orthographic":false}