{"cameraMode":{"drawMode":0,"name":"Shaded","section":"Shading Mode"},"sceneLighting":true,"audioPlay":false,"sceneViewState":{"m_AlwaysRefresh":false,"showFog":true,"showSkybox":true,"showFlares":true,"showImageEffects":true,"showParticleSystems":true,"showVisualEffectGraphs":true,"m_FxEnabled":true},"in2DMode":false,"pivot":{"x":6.855818271636963,"y":1.9432570934295655,"z":4.7652997970581059},"rotation":{"x":0.13395045697689057,"y":0.025267280638217927,"z":-0.003416441846638918,"w":0.9906603693962097},"size":10.600393295288086,"orthographic":true}