{"cameraMode":{"drawMode":0,"name":"Shaded","section":"Shading Mode"},"sceneLighting":true,"audioPlay":false,"sceneViewState":{"m_AlwaysRefresh":false,"showFog":true,"showSkybox":true,"showFlares":true,"showImageEffects":true,"showParticleSystems":true,"showVisualEffectGraphs":true,"m_FxEnabled":true},"in2DMode":false,"pivot":{"x":44.98591232299805,"y":29.979515075683595,"z":-148.30548095703126},"rotation":{"x":0.041447725147008899,"y":0.8592619895935059,"z":-0.07052934914827347,"w":0.5049532651901245},"size":0.13542605936527253,"orthographic":true}