{"cameraMode":{"drawMode":0,"name":"Shaded","section":"Shading Mode"},"sceneLighting":true,"audioPlay":false,"sceneViewState":{"m_AlwaysRefresh":false,"showFog":true,"showSkybox":true,"showFlares":true,"showImageEffects":true,"showParticleSystems":true,"showVisualEffectGraphs":true,"m_FxEnabled":true},"in2DMode":false,"pivot":{"x":43.502986907958987,"y":29.378599166870118,"z":-187.66656494140626},"rotation":{"x":0.3131873905658722,"y":-0.3767467141151428,"z":0.13705305755138398,"w":0.8609249591827393},"size":1.6281485557556153,"orthographic":false}