{"cameraMode":{"drawMode":0,"name":"Shaded","section":"Shading Mode"},"sceneLighting":true,"audioPlay":false,"sceneViewState":{"m_AlwaysRefresh":false,"showFog":true,"showSkybox":true,"showFlares":true,"showImageEffects":true,"showParticleSystems":true,"showVisualEffectGraphs":true,"m_FxEnabled":true},"in2DMode":false,"pivot":{"x":152.57537841796876,"y":43.80426025390625,"z":-106.90140533447266},"rotation":{"x":0.23087003827095033,"y":-0.47495120763778689,"z":0.13067853450775147,"w":0.8390824198722839},"size":4.233974456787109,"orthographic":false}