{"cameraMode":{"drawMode":0,"name":"Shaded","section":"Shading Mode"},"sceneLighting":true,"audioPlay":false,"sceneViewState":{"m_AlwaysRefresh":false,"showFog":true,"showSkybox":true,"showFlares":true,"showImageEffects":true,"showParticleSystems":true,"showVisualEffectGraphs":true,"m_FxEnabled":true},"in2DMode":false,"pivot":{"x":6.779890537261963,"y":1.1773399114608765,"z":-3.2508344650268556},"rotation":{"x":-0.051951903849840167,"y":-0.17672210931777955,"z":0.009343726560473442,"w":-0.9828507304191589},"size":0.8416313529014587,"orthographic":false}