{"cameraMode":{"drawMode":0,"name":"Shaded","section":"Shading Mode"},"sceneLighting":true,"audioPlay":false,"sceneViewState":{"m_AlwaysRefresh":false,"showFog":true,"showSkybox":true,"showFlares":true,"showImageEffects":true,"showParticleSystems":true,"showVisualEffectGraphs":true,"m_FxEnabled":true},"in2DMode":false,"pivot":{"x":41.65537643432617,"y":28.673189163208009,"z":-166.57843017578126},"rotation":{"x":0.021788138896226884,"y":0.9728601574897766,"z":-0.20614758133888246,"w":0.10282333195209503},"size":4.483706474304199,"orthographic":true}