{"cameraMode":{"drawMode":0,"name":"Shaded","section":"Shading Mode"},"sceneLighting":true,"audioPlay":false,"sceneViewState":{"m_AlwaysRefresh":false,"showFog":true,"showSkybox":true,"showFlares":true,"showImageEffects":true,"showParticleSystems":true,"showVisualEffectGraphs":true,"m_FxEnabled":true},"in2DMode":false,"pivot":{"x":38.78055953979492,"y":26.209854125976564,"z":-189.26438903808595},"rotation":{"x":-0.3799629807472229,"y":-0.10427499562501908,"z":0.043155234307050708,"w":-0.9180928468704224},"size":4.0437774658203129,"orthographic":false}