{"cameraMode":{"drawMode":0,"name":"Shaded","section":"Shading Mode"},"sceneLighting":true,"audioPlay":false,"sceneViewState":{"m_AlwaysRefresh":false,"showFog":true,"showSkybox":true,"showFlares":true,"showImageEffects":true,"showParticleSystems":true,"showVisualEffectGraphs":true,"m_FxEnabled":true},"in2DMode":false,"pivot":{"x":7.960403919219971,"y":1.5726555585861207,"z":-2.6027936935424806},"rotation":{"x":0.10031186044216156,"y":0.019400382414460183,"z":-0.00195632828399539,"w":0.9947651624679565},"size":4.348483085632324,"orthographic":false}