{"cameraMode":{"drawMode":0,"name":"Shaded","section":"Shading Mode"},"sceneLighting":true,"audioPlay":false,"sceneViewState":{"m_AlwaysRefresh":false,"showFog":true,"showSkybox":true,"showFlares":true,"showImageEffects":true,"showParticleSystems":true,"showVisualEffectGraphs":true,"m_FxEnabled":true},"in2DMode":false,"pivot":{"x":58.921573638916019,"y":39.473934173583987,"z":-186.09034729003907},"rotation":{"x":0.004876784980297089,"y":0.9582471251487732,"z":-0.28543126583099368,"w":0.016370732337236406},"size":0.5277978181838989,"orthographic":false}