{"cameraMode":{"drawMode":0,"name":"Shaded","section":"Shading Mode"},"sceneLighting":true,"audioPlay":false,"sceneViewState":{"m_AlwaysRefresh":false,"showFog":true,"showSkybox":true,"showFlares":true,"showImageEffects":true,"showParticleSystems":true,"showVisualEffectGraphs":true,"m_FxEnabled":true},"in2DMode":false,"pivot":{"x":116.50724792480469,"y":19.610435485839845,"z":-199.8607940673828},"rotation":{"x":-0.15903502702713014,"y":-0.8349438309669495,"z":0.31370118260383608,"w":-0.42328688502311709},"size":7.902249813079834,"orthographic":false}