{"cameraMode":{"drawMode":0,"name":"Shaded","section":"Shading Mode"},"sceneLighting":true,"audioPlay":false,"sceneViewState":{"m_AlwaysRefresh":false,"showFog":true,"showSkybox":true,"showFlares":true,"showImageEffects":true,"showParticleSystems":true,"showVisualEffectGraphs":true,"m_FxEnabled":true},"in2DMode":false,"pivot":{"x":6.728000640869141,"y":1.5999996662139893,"z":-0.24199962615966798},"rotation":{"x":0.09735555201768875,"y":-0.27254822850227358,"z":0.027723079547286035,"w":0.9568113684654236},"size":12.12435531616211,"orthographic":false}