{"cameraMode":{"drawMode":0,"name":"Shaded","section":"Shading Mode"},"sceneLighting":true,"audioPlay":false,"sceneViewState":{"m_AlwaysRefresh":false,"showFog":true,"showSkybox":true,"showFlares":true,"showImageEffects":true,"showParticleSystems":true,"showVisualEffectGraphs":true,"m_FxEnabled":true},"in2DMode":false,"pivot":{"x":44.294673919677737,"y":28.582006454467775,"z":-190.27542114257813},"rotation":{"x":0.5074095726013184,"y":-0.46152791380882265,"z":0.3758207857608795,"w":0.6231260299682617},"size":1.6281485557556153,"orthographic":false}