{"cameraMode":{"drawMode":0,"name":"Shaded","section":"Shading Mode"},"sceneLighting":true,"audioPlay":false,"sceneViewState":{"m_AlwaysRefresh":false,"showFog":true,"showSkybox":true,"showFlares":true,"showImageEffects":true,"showParticleSystems":true,"showVisualEffectGraphs":true,"m_FxEnabled":true},"in2DMode":false,"pivot":{"x":6.558000564575195,"y":1.7799997329711915,"z":-2.7320001125335695},"rotation":{"x":-0.16601581871509553,"y":0.18430039286613465,"z":-0.031597431749105456,"w":-0.9682397842407227},"size":5.20432186126709,"orthographic":false}