{"cameraMode":{"drawMode":0,"name":"Shaded","section":"Shading Mode"},"sceneLighting":true,"audioPlay":false,"sceneViewState":{"m_AlwaysRefresh":false,"showFog":true,"showSkybox":true,"showFlares":true,"showImageEffects":true,"showParticleSystems":true,"showVisualEffectGraphs":true,"m_FxEnabled":true},"in2DMode":false,"pivot":{"x":106.68416595458985,"y":46.97114181518555,"z":-149.7748565673828},"rotation":{"x":0.040670108050107959,"y":0.9406142830848694,"z":-0.31432226300239565,"w":0.12169843912124634},"size":1.2637970447540284,"orthographic":false}