{"cameraMode":{"drawMode":0,"name":"Shaded","section":"Shading Mode"},"sceneLighting":true,"audioPlay":false,"sceneViewState":{"m_AlwaysRefresh":false,"showFog":true,"showSkybox":true,"showFlares":true,"showImageEffects":true,"showParticleSystems":true,"showVisualEffectGraphs":true,"m_FxEnabled":true},"in2DMode":false,"pivot":{"x":6.461109638214111,"y":-0.17354822158813477,"z":5.0060319900512699},"rotation":{"x":-0.2233976423740387,"y":-0.009652940556406975,"z":0.0022121036890894176,"w":-0.9746789932250977},"size":8.18579387664795,"orthographic":true}