{"cameraMode":{"drawMode":0,"name":"Shaded","section":"Shading Mode"},"sceneLighting":true,"audioPlay":false,"sceneViewState":{"m_AlwaysRefresh":false,"showFog":true,"showSkybox":true,"showFlares":true,"showImageEffects":true,"showParticleSystems":true,"showVisualEffectGraphs":true,"m_FxEnabled":true},"in2DMode":false,"pivot":{"x":6.558000564575195,"y":1.7799997329711915,"z":-2.7320001125335695},"rotation":{"x":-0.30922260880470278,"y":-0.10811170935630799,"z":0.035408493131399158,"w":-0.9441655874252319},"size":28.33516502380371,"orthographic":false}