{"cameraMode":{"drawMode":0,"name":"Shaded","section":"Shading Mode"},"sceneLighting":true,"audioPlay":false,"sceneViewState":{"m_AlwaysRefresh":false,"showFog":true,"showSkybox":true,"showFlares":true,"showImageEffects":true,"showParticleSystems":true,"showVisualEffectGraphs":true,"m_FxEnabled":true},"in2DMode":false,"pivot":{"x":139.09921264648438,"y":46.219547271728519,"z":-178.38003540039063},"rotation":{"x":0.1220700815320015,"y":0.01904330961406231,"z":-0.0023440064396709205,"w":0.9923386573791504},"size":0.8660253882408142,"orthographic":false}