{"cameraMode":{"drawMode":0,"name":"Shaded","section":"Shading Mode"},"sceneLighting":false,"audioPlay":false,"sceneViewState":{"m_AlwaysRefresh":false,"showFog":true,"showSkybox":false,"showFlares":true,"showImageEffects":true,"showParticleSystems":true,"showVisualEffectGraphs":true,"m_FxEnabled":true},"in2DMode":false,"pivot":{"x":28.603843688964845,"y":0.5131111145019531,"z":-104.38387298583985},"rotation":{"x":0.3131873905658722,"y":-0.3767467141151428,"z":0.13705305755138398,"w":0.8609249591827393},"size":0.7092067003250122,"orthographic":false}