{"cameraMode":{"drawMode":0,"name":"Shaded","section":"Shading Mode"},"sceneLighting":false,"audioPlay":false,"sceneViewState":{"m_AlwaysRefresh":false,"showFog":true,"showSkybox":false,"showFlares":true,"showImageEffects":true,"showParticleSystems":true,"showVisualEffectGraphs":true,"m_FxEnabled":true},"in2DMode":false,"pivot":{"x":41.27530288696289,"y":28.625118255615236,"z":-184.80853271484376},"rotation":{"x":-0.0008716204902157188,"y":0.946425199508667,"z":-0.3229159712791443,"w":-0.0025547989644110204},"size":1.2880322933197022,"orthographic":false}