{"cameraMode":{"drawMode":0,"name":"Shaded","section":"Shading Mode"},"sceneLighting":false,"audioPlay":false,"sceneViewState":{"m_AlwaysRefresh":false,"showFog":true,"showSkybox":false,"showFlares":true,"showImageEffects":true,"showParticleSystems":true,"showVisualEffectGraphs":true,"m_FxEnabled":true},"in2DMode":false,"pivot":{"x":98.06681060791016,"y":30.859214782714845,"z":-111.13296508789063},"rotation":{"x":0.0903170257806778,"y":0.6067548394203186,"z":-0.06966150552034378,"w":0.7866637110710144},"size":0.38841965794563296,"orthographic":false}