{"cameraMode":{"drawMode":0,"name":"Shaded","section":"Shading Mode"},"sceneLighting":false,"audioPlay":false,"sceneViewState":{"m_AlwaysRefresh":false,"showFog":true,"showSkybox":false,"showFlares":true,"showImageEffects":true,"showParticleSystems":true,"showVisualEffectGraphs":true,"m_FxEnabled":true},"in2DMode":false,"pivot":{"x":10.170999526977539,"y":3.4639999866485597,"z":7.051000118255615},"rotation":{"x":-0.2234821766614914,"y":-0.31843262910842898,"z":0.07752406597137451,"w":-0.9179587960243225},"size":0.2294756919145584,"orthographic":true}