{"cameraMode":{"drawMode":0,"name":"Shaded","section":"Shading Mode"},"sceneLighting":true,"audioPlay":false,"sceneViewState":{"m_AlwaysRefresh":false,"showFog":true,"showSkybox":true,"showFlares":true,"showImageEffects":true,"showParticleSystems":true,"showVisualEffectGraphs":true,"m_FxEnabled":true},"in2DMode":false,"pivot":{"x":96.82364654541016,"y":32.61699295043945,"z":-115.00777435302735},"rotation":{"x":0.11017719656229019,"y":0.6695970892906189,"z":-0.10141175985336304,"w":0.7274729013442993},"size":1.6306331157684327,"orthographic":false}