{"cameraMode":{"drawMode":0,"name":"Shaded","section":"Shading Mode"},"sceneLighting":false,"audioPlay":false,"sceneViewState":{"m_AlwaysRefresh":false,"showFog":true,"showSkybox":false,"showFlares":true,"showImageEffects":true,"showParticleSystems":true,"showVisualEffectGraphs":true,"m_FxEnabled":true},"in2DMode":false,"pivot":{"x":38.31362533569336,"y":29.76565170288086,"z":-152.86090087890626},"rotation":{"x":0.03552929311990738,"y":0.7202251553535461,"z":-0.036986976861953738,"w":0.6918432116508484},"size":1.5263360738754273,"orthographic":false}