{"cameraMode":{"drawMode":0,"name":"Shaded","section":"Shading Mode"},"sceneLighting":false,"audioPlay":false,"sceneViewState":{"m_AlwaysRefresh":false,"showFog":true,"showSkybox":false,"showFlares":true,"showImageEffects":true,"showParticleSystems":true,"showVisualEffectGraphs":true,"m_FxEnabled":true},"in2DMode":false,"pivot":{"x":163.43128967285157,"y":45.500633239746097,"z":-179.80667114257813},"rotation":{"x":0.13149671256542207,"y":-0.22107118368148805,"z":0.030096709728240968,"w":0.9658832550048828},"size":0.3565232753753662,"orthographic":false}