{"cameraMode":{"drawMode":0,"name":"Shaded","section":"Shading Mode"},"sceneLighting":true,"audioPlay":false,"sceneViewState":{"m_AlwaysRefresh":false,"showFog":true,"showSkybox":false,"showFlares":true,"showImageEffects":true,"showParticleSystems":true,"showVisualEffectGraphs":true,"m_FxEnabled":true},"in2DMode":false,"pivot":{"x":43.08282470703125,"y":28.613405227661134,"z":-194.57786560058595},"rotation":{"x":-0.17213939130306245,"y":0.7530017495155335,"z":-0.21718916296958924,"w":-0.5968128442764282},"size":0.8660253882408142,"orthographic":false}