{"cameraMode":{"drawMode":0,"name":"Shaded","section":"Shading Mode"},"sceneLighting":false,"audioPlay":false,"sceneViewState":{"m_AlwaysRefresh":false,"showFog":true,"showSkybox":false,"showFlares":true,"showImageEffects":true,"showParticleSystems":true,"showVisualEffectGraphs":true,"m_FxEnabled":true},"in2DMode":false,"pivot":{"x":0.01233508251607418,"y":0.1940065324306488,"z":-0.055480338633060458},"rotation":{"x":0.13376878201961518,"y":0.5915517210960388,"z":-0.10032635927200318,"w":0.788737416267395},"size":0.22163838148117066,"orthographic":false}