{"cameraMode":{"drawMode":0,"name":"Shaded","section":"Shading Mode"},"sceneLighting":false,"audioPlay":false,"sceneViewState":{"m_AlwaysRefresh":false,"showFog":true,"showSkybox":false,"showFlares":true,"showImageEffects":true,"showParticleSystems":true,"showVisualEffectGraphs":true,"m_FxEnabled":true},"in2DMode":false,"pivot":{"x":-6.342138767242432,"y":28.177352905273439,"z":3.1909093856811525},"rotation":{"x":-0.038094840943813327,"y":0.9372297525405884,"z":-0.32922470569610598,"w":-0.1084480732679367},"size":0.4619017541408539,"orthographic":false}