{"cameraMode":{"drawMode":0,"name":"Shaded","section":"Shading Mode"},"sceneLighting":false,"audioPlay":false,"sceneViewState":{"m_AlwaysRefresh":false,"showFog":true,"showSkybox":false,"showFlares":true,"showImageEffects":true,"showParticleSystems":true,"showVisualEffectGraphs":true,"m_FxEnabled":true},"in2DMode":false,"pivot":{"x":-7.3718109130859379,"y":17.496009826660158,"z":-1.1655263900756837},"rotation":{"x":0.030867556110024453,"y":0.9245597124099731,"z":-0.3719635605812073,"w":0.07672677934169769},"size":1.1649866104125977,"orthographic":false}