{"cameraMode":{"drawMode":0,"name":"Shaded","section":"Shading Mode"},"sceneLighting":false,"audioPlay":false,"sceneViewState":{"m_AlwaysRefresh":false,"showFog":true,"showSkybox":false,"showFlares":true,"showImageEffects":true,"showParticleSystems":true,"showVisualEffectGraphs":true,"m_FxEnabled":true},"in2DMode":false,"pivot":{"x":-0.07200002670288086,"y":1.5999996662139893,"z":-0.04199981689453125},"rotation":{"x":0.1286291927099228,"y":-0.014277942478656769,"z":0.0018521342426538468,"w":0.9915884137153626},"size":12.12435531616211,"orthographic":false}